system/type/	LISTING_system_type.bin	391
system/type/compute/apply	system_type_compute_apply.bin	352
system/type/compute/arithmetic	system_type_compute_arithmetic.bin	189
system/type/compute/closure	system_type_compute_closure.bin	208
system/type/compute/compare	system_type_compute_compare.bin	186
system/type/compute/construct	system_type_compute_construct.bin	179
system/type/compute/error	system_type_compute_error.bin	249
system/type/compute/field	system_type_compute_field.bin	160
system/type/compute/if	system_type_compute_if.bin	192
system/type/compute/index	system_type_compute_index.bin	155
system/type/compute/lambda	system_type_compute_lambda.bin	171
system/type/compute/length	system_type_compute_length.bin	128
system/type/compute/let	system_type_compute_let.bin	167
system/type/compute/literal	system_type_compute_literal.bin	131
system/type/compute/logic	system_type_compute_logic.bin	194
system/type/compute/lookup/hash	system_type_compute_lookup_hash.bin	218
system/type/compute/lookup/scope	system_type_compute_lookup_scope.bin	138
system/type/compute/lookup/tree	system_type_compute_lookup_tree.bin	181
system/type/compute/numeric-cast	system_type_compute_numeric-cast.bin	169
system/type/compute/result	system_type_compute_result.bin	163
system/type/compute/scope	system_type_compute_scope.bin	156
system/type/core/entity	system_type_core_entity.bin	193
system/type/core/envelope	system_type_core_envelope.bin	196
system/type/entity	system_type_entity.bin	153
system/type/primitive/any	system_type_primitive_any.bin	91
system/type/primitive/bool	system_type_primitive_bool.bin	92
system/type/primitive/bytes	system_type_primitive_bytes.bin	93
system/type/primitive/float	system_type_primitive_float.bin	93
system/type/primitive/int	system_type_primitive_int.bin	91
system/type/primitive/null	system_type_primitive_null.bin	92
system/type/primitive/string	system_type_primitive_string.bin	94
system/type/primitive/uint	system_type_primitive_uint.bin	92
system/type/system/bounds	system_type_system_bounds.bin	383
system/type/system/capability/delegate-request	system_type_system_capability_delegate-request.bin	250
system/type/system/capability/delegation-caveats	system_type_system_capability_delegation-caveats.bin	282
system/type/system/capability/grant	system_type_system_capability_grant.bin	137
system/type/system/capability/grant-entry	system_type_system_capability_grant-entry.bin	425
system/type/system/capability/id-scope	system_type_system_capability_id-scope.bin	213
system/type/system/capability/multi-granter	system_type_system_capability_multi-granter.bin	193
system/type/system/capability/path-scope	system_type_system_capability_path-scope.bin	215
system/type/system/capability/policy-entry	system_type_system_capability_policy-entry.bin	300
system/type/system/capability/request	system_type_system_capability_request.bin	212
system/type/system/capability/revocation	system_type_system_capability_revocation.bin	223
system/type/system/capability/revoke-request	system_type_system_capability_revoke-request.bin	191
system/type/system/capability/token	system_type_system_capability_token.bin	584
system/type/system/clock/compare-params	system_type_system_clock_compare-params.bin	166
system/type/system/clock/compare-result	system_type_system_clock_compare-result.bin	147
system/type/system/clock/config	system_type_system_clock_config.bin	232
system/type/system/clock/hlc	system_type_system_clock_hlc.bin	196
system/type/system/clock/logical	system_type_system_clock_logical.bin	139
system/type/system/clock/state	system_type_system_clock_state.bin	326
system/type/system/clock/tick	system_type_system_clock_tick.bin	172
system/type/system/clock/timestamp	system_type_system_clock_timestamp.bin	136
system/type/system/clock/vector	system_type_system_clock_vector.bin	146
system/type/system/compute/filter-args	system_type_system_compute_filter-args.bin	171
system/type/system/compute/fold-args	system_type_system_compute_fold-args.bin	199
system/type/system/compute/install-request	system_type_system_compute_install-request.bin	166
system/type/system/compute/install-result	system_type_system_compute_install-result.bin	238
system/type/system/compute/map-args	system_type_system_compute_map-args.bin	167
system/type/system/compute/scope-binding	system_type_system_compute_scope-binding.bin	231
system/type/system/compute/store-args	system_type_system_compute_store-args.bin	172
system/type/system/compute/subgraph	system_type_system_compute_subgraph.bin	409
system/type/system/content/blob	system_type_system_content_blob.bin	250
system/type/system/content/chunk	system_type_system_content_chunk.bin	140
system/type/system/content/descriptor	system_type_system_content_descriptor.bin	316
system/type/system/continuation	system_type_system_continuation.bin	655
system/type/system/continuation/abandon-request	system_type_system_continuation_abandon-request.bin	114
system/type/system/continuation/advance-request	system_type_system_continuation_advance-request.bin	205
system/type/system/continuation/install-result	system_type_system_continuation_install-result.bin	153
system/type/system/continuation/join	system_type_system_continuation_join.bin	642
system/type/system/continuation/resume-request	system_type_system_continuation_resume-request.bin	259
system/type/system/continuation/suspended	system_type_system_continuation_suspended.bin	436
system/type/system/continuation/transform	system_type_system_continuation_transform.bin	452
system/type/system/continuation/transform-op	system_type_system_continuation_transform-op.bin	543
system/type/system/deletion-marker	system_type_system_deletion-marker.bin	100
system/type/system/delivery-spec	system_type_system_delivery-spec.bin	174
system/type/system/discovery/announce-request	system_type_system_discovery_announce-request.bin	194
system/type/system/discovery/announce-stop-request	system_type_system_discovery_announce-stop-request.bin	199
system/type/system/discovery/candidate	system_type_system_discovery_candidate.bin	365
system/type/system/discovery/decision	system_type_system_discovery_decision.bin	253
system/type/system/discovery/identity-claim	system_type_system_discovery_identity-claim.bin	264
system/type/system/discovery/scan-request	system_type_system_discovery_scan-request.bin	200
system/type/system/discovery/scan-result	system_type_system_discovery_scan-result.bin	235
system/type/system/durability-advertisement	system_type_system_durability-advertisement.bin	211
system/type/system/durability-request	system_type_system_durability-request.bin	190
system/type/system/durability-result	system_type_system_durability-result.bin	369
system/type/system/encrypted	system_type_system_encrypted.bin	626
system/type/system/encryption-pubkey	system_type_system_encryption-pubkey.bin	369
system/type/system/encryption/handoff	system_type_system_encryption_handoff.bin	217
system/type/system/encryption/kdf-params	system_type_system_encryption_kdf-params.bin	300
system/type/system/encryption/key-backup	system_type_system_encryption_key-backup.bin	309
system/type/system/encryption/revocation	system_type_system_encryption_revocation.bin	222
system/type/system/encryption/wrapped-key	system_type_system_encryption_wrapped-key.bin	310
system/type/system/envelope	system_type_system_envelope.bin	115
system/type/system/handler	system_type_system_handler.bin	337
system/type/system/handler/interface	system_type_system_handler_interface.bin	238
system/type/system/handler/manifest	system_type_system_handler_manifest.bin	470
system/type/system/handler/operation-spec	system_type_system_handler_operation-spec.bin	213
system/type/system/handler/register-request	system_type_system_handler_register-request.bin	284
system/type/system/handler/register-result	system_type_system_handler_register-result.bin	192
system/type/system/hash	system_type_system_hash.bin	229
system/type/system/note	system_type_system_note.bin	162
system/type/system/peer	system_type_system_peer.bin	203
system/type/system/peer-id	system_type_system_peer-id.bin	117
system/type/system/peer/inbox-relay	system_type_system_peer_inbox-relay.bin	213
system/type/system/peer/inbox-relay-entry	system_type_system_peer_inbox-relay-entry.bin	218
system/type/system/peer/published-root	system_type_system_peer_published-root.bin	289
system/type/system/peer/transport/http-poll	system_type_system_peer_transport_http-poll.bin	621
system/type/system/protocol/connect/authenticate	system_type_system_protocol_connect_authenticate.bin	261
system/type/system/protocol/connect/hello	system_type_system_protocol_connect_hello.bin	497
system/type/system/protocol/envelope	system_type_system_protocol_envelope.bin	125
system/type/system/protocol/error	system_type_system_protocol_error.bin	232
system/type/system/protocol/execute	system_type_system_protocol_execute.bin	593
system/type/system/protocol/execute/response	system_type_system_protocol_execute_response.bin	275
system/type/system/protocol/inbox/delivery	system_type_system_protocol_inbox_delivery.bin	225
system/type/system/protocol/inbox/notification	system_type_system_protocol_inbox_notification.bin	311
system/type/system/protocol/resource-target	system_type_system_protocol_resource-target.bin	218
system/type/system/query/allowances	system_type_system_query_allowances.bin	152
system/type/system/query/constraints	system_type_system_query_constraints.bin	217
system/type/system/query/expression	system_type_system_query_expression.bin	602
system/type/system/query/field-predicate	system_type_system_query_field-predicate.bin	224
system/type/system/query/index-config	system_type_system_query_index-config.bin	193
system/type/system/query/match	system_type_system_query_match.bin	205
system/type/system/query/result	system_type_system_query_result.bin	261
system/type/system/registry/binding	system_type_system_registry_binding.bin	485
system/type/system/registry/dispatch-entry	system_type_system_registry_dispatch-entry.bin	203
system/type/system/registry/invalidate-cache-request	system_type_system_registry_invalidate-cache-request.bin	169
system/type/system/registry/issuer-policy	system_type_system_registry_issuer-policy.bin	304
system/type/system/registry/local-name-config	system_type_system_registry_local-name-config.bin	247
system/type/system/registry/local-name/bind-request	system_type_system_registry_local-name_bind-request.bin	294
system/type/system/registry/local-name/bind-result	system_type_system_registry_local-name_bind-result.bin	160
system/type/system/registry/local-name/list-entry	system_type_system_registry_local-name_list-entry.bin	298
system/type/system/registry/local-name/list-request	system_type_system_registry_local-name_list-request.bin	175
system/type/system/registry/local-name/list-result	system_type_system_registry_local-name_list-result.bin	192
system/type/system/registry/local-name/unbind-request	system_type_system_registry_local-name_unbind-request.bin	160
system/type/system/registry/local-name/update-transports-request	system_type_system_registry_local-name_update-transports-request.bin	214
system/type/system/registry/pinned-entry	system_type_system_registry_pinned-entry.bin	231
system/type/system/registry/register-request	system_type_system_registry_register-request.bin	360
system/type/system/registry/renew-request	system_type_system_registry_renew-request.bin	277
system/type/system/registry/resolution-log	system_type_system_registry_resolution-log.bin	439
system/type/system/registry/resolution-result	system_type_system_registry_resolution-result.bin	525
system/type/system/registry/resolve-request	system_type_system_registry_resolve-request.bin	198
system/type/system/registry/resolver-chain-entry	system_type_system_registry_resolver-chain-entry.bin	353
system/type/system/registry/resolver-config	system_type_system_registry_resolver-config.bin	459
system/type/system/registry/revocation	system_type_system_registry_revocation.bin	223
system/type/system/registry/revoke-request	system_type_system_registry_revoke-request.bin	196
system/type/system/relay/advertise	system_type_system_relay_advertise.bin	340
system/type/system/relay/advertise-limits	system_type_system_relay_advertise-limits.bin	276
system/type/system/relay/forward-request	system_type_system_relay_forward-request.bin	320
system/type/system/relay/forward-result	system_type_system_relay_forward-result.bin	239
system/type/system/relay/poll-request	system_type_system_relay_poll-request.bin	230
system/type/system/relay/poll-result	system_type_system_relay_poll-result.bin	216
system/type/system/relay/put-result	system_type_system_relay_put-result.bin	259
system/type/system/relay/store-entry	system_type_system_relay_store-entry.bin	263
system/type/system/resource-limits	system_type_system_resource-limits.bin	251
system/type/system/route	system_type_system_route.bin	292
system/type/system/signature	system_type_system_signature.bin	233
system/type/system/subscription	system_type_system_subscription.bin	531
system/type/system/subscription/cancel	system_type_system_subscription_cancel.bin	156
system/type/system/subscription/limits	system_type_system_subscription_limits.bin	311
system/type/system/subscription/redirect	system_type_system_subscription_redirect.bin	282
system/type/system/subscription/request	system_type_system_subscription_request.bin	352
system/type/system/substitute/endpoint	system_type_system_substitute_endpoint.bin	412
system/type/system/substitute/snapshot-manifest	system_type_system_substitute_snapshot-manifest.bin	440
system/type/system/substitute/source	system_type_system_substitute_source.bin	473
system/type/system/substitute/try-request	system_type_system_substitute_try-request.bin	185
system/type/system/tree/get-request	system_type_system_tree_get-request.bin	279
system/type/system/tree/listing	system_type_system_tree_listing.bin	295
system/type/system/tree/listing-entry	system_type_system_tree_listing-entry.bin	187
system/type/system/tree/path	system_type_system_tree_path.bin	119
system/type/system/tree/put-request	system_type_system_tree_put-request.bin	239
system/type/system/type	system_type_system_type.bin	400
system/type/system/type/adopt-request	system_type_system_type_adopt-request.bin	199
system/type/system/type/compare-request	system_type_system_type_compare-request.bin	182
system/type/system/type/compare-result	system_type_system_type_compare-result.bin	412
system/type/system/type/compatibility-report	system_type_system_type_compatibility-report.bin	725
system/type/system/type/compatible-request	system_type_system_type_compatible-request.bin	365
system/type/system/type/constraint/format	system_type_system_type_constraint_format.bin	150
system/type/system/type/constraint/max	system_type_system_type_constraint_max.bin	143
system/type/system/type/constraint/max-count	system_type_system_type_constraint_max-count.bin	154
system/type/system/type/constraint/max-length	system_type_system_type_constraint_max-length.bin	156
system/type/system/type/constraint/min	system_type_system_type_constraint_min.bin	143
system/type/system/type/constraint/min-count	system_type_system_type_constraint_min-count.bin	154
system/type/system/type/constraint/min-length	system_type_system_type_constraint_min-length.bin	156
system/type/system/type/constraint/not-one-of	system_type_system_type_constraint_not-one-of.bin	161
system/type/system/type/constraint/one-of	system_type_system_type_constraint_one-of.bin	157
system/type/system/type/constraint/pattern	system_type_system_type_constraint_pattern.bin	152
system/type/system/type/constraint/type-pattern	system_type_system_type_constraint_type-pattern.bin	157
system/type/system/type/constraint/validate-request	system_type_system_type_constraint_validate-request.bin	239
system/type/system/type/constraint/validate-result	system_type_system_type_constraint_validate-result.bin	200
system/type/system/type/converge-request	system_type_system_type_converge-request.bin	163
system/type/system/type/field-comparison	system_type_system_type_field-comparison.bin	309
system/type/system/type/field-incompatibility	system_type_system_type_field-incompatibility.bin	260
system/type/system/type/field-spec	system_type_system_type_field-spec.bin	652
system/type/system/type/name	system_type_system_type_name.bin	119
system/type/system/type/reconcile-request	system_type_system_type_reconcile-request.bin	335
system/type/system/type/reconcile-result	system_type_system_type_reconcile-result.bin	452
system/type/system/type/validate-request	system_type_system_type_validate-request.bin	191
system/type/system/type/validate-result	system_type_system_type_validate-result.bin	274
system/type/system/type/violation	system_type_system_type_violation.bin	407
system/handler/	LISTING_system_handler.bin	180
system/handler/system/protocol/connect	system_handler_system_protocol_connect.bin	334
system/handler/system/tree	system_handler_system_tree.bin	524
system/handler/system/capability	system_handler_system_capability.bin	423
